{"Drone tracking 2.mp4_frame_2190.jpg": {"x1": 871, "y1": 264, "x2": 918, "y2": 296, "confidence": 0.46148329973220825}, "Drone tracking 2.mp4_frame_2191.jpg": {"x1": 857, "y1": 263, "x2": 907, "y2": 296, "confidence": 0.48101383447647095}, "Drone tracking 2.mp4_frame_2192.jpg": {"x1": 847, "y1": 263, "x2": 895, "y2": 294, "confidence": 0.5512377023696899}, "Drone tracking 2.mp4_frame_2193.jpg": {"x1": 839, "y1": 263, "x2": 885, "y2": 295, "confidence": 0.5306081175804138}, "Drone tracking 2.mp4_frame_2194.jpg": {"x1": 826, "y1": 260, "x2": 878, "y2": 293, "confidence": 0.6053475737571716}, "Drone tracking 2.mp4_frame_2195.jpg": {"x1": 813, "y1": 260, "x2": 865, "y2": 292, "confidence": 0.61746746301651}, "Drone tracking 2.mp4_frame_2196.jpg": {"x1": 803, "y1": 258, "x2": 851, "y2": 291, "confidence": 0.6061910390853882}, "Drone tracking 2.mp4_frame_2197.jpg": {"x1": 792, "y1": 258, "x2": 841, "y2": 291, "confidence": 0.6180123686790466}, "Drone tracking 2.mp4_frame_2198.jpg": {"x1": 780, "y1": 257, "x2": 829, "y2": 290, "confidence": 0.616836428642273}, "Drone tracking 2.mp4_frame_2199.jpg": {"x1": 768, "y1": 256, "x2": 818, "y2": 290, "confidence": 0.601538360118866}, "Drone tracking 2.mp4_frame_2200.jpg": {"x1": 759, "y1": 254, "x2": 811, "y2": 288, "confidence": 0.6168735027313232}, "Drone tracking 2.mp4_frame_2201.jpg": {"x1": 746, "y1": 252, "x2": 797, "y2": 286, "confidence": 0.5985193848609924}, "Drone tracking 2.mp4_frame_2202.jpg": {"x1": 736, "y1": 251, "x2": 787, "y2": 285, "confidence": 0.5946451425552368}, "Drone tracking 2.mp4_frame_2203.jpg": {"x1": 723, "y1": 250, "x2": 777, "y2": 284, "confidence": 0.6307815313339233}, "Drone tracking 2.mp4_frame_2204.jpg": {"x1": 711, "y1": 249, "x2": 765, "y2": 283, "confidence": 0.6179164052009583}, "Drone tracking 2.mp4_frame_2205.jpg": {"x1": 698, "y1": 246, "x2": 751, "y2": 280, "confidence": 0.6099627017974854}, "Drone tracking 2.mp4_frame_2206.jpg": {"x1": 687, "y1": 245, "x2": 737, "y2": 280, "confidence": 0.6154999136924744}, "Drone tracking 2.mp4_frame_2207.jpg": {"x1": 676, "y1": 243, "x2": 728, "y2": 280, "confidence": 0.6270326972007751}, "Drone tracking 2.mp4_frame_2208.jpg": {"x1": 665, "y1": 243, "x2": 715, "y2": 279, "confidence": 0.6176806688308716}, "Drone tracking 2.mp4_frame_2209.jpg": {"x1": 651, "y1": 242, "x2": 703, "y2": 278, "confidence": 0.6519579291343689}, "Drone tracking 2.mp4_frame_2210.jpg": {"x1": 641, "y1": 241, "x2": 690, "y2": 277, "confidence": 0.6235296726226807}, "Drone tracking 2.mp4_frame_2211.jpg": {"x1": 628, "y1": 241, "x2": 680, "y2": 277, "confidence": 0.640541672706604}, "Drone tracking 2.mp4_frame_2212.jpg": {"x1": 616, "y1": 240, "x2": 668, "y2": 275, "confidence": 0.6385100483894348}, "Drone tracking 2.mp4_frame_2213.jpg": {"x1": 603, "y1": 240, "x2": 655, "y2": 275, "confidence": 0.6251447200775146}, "Drone tracking 2.mp4_frame_2214.jpg": {"x1": 592, "y1": 237, "x2": 643, "y2": 274, "confidence": 0.5865921378135681}, "Drone tracking 2.mp4_frame_2215.jpg": {"x1": 579, "y1": 237, "x2": 633, "y2": 273, "confidence": 0.6028448939323425}, "Drone tracking 2.mp4_frame_2216.jpg": {"x1": 566, "y1": 236, "x2": 620, "y2": 272, "confidence": 0.6076673865318298}, "Drone tracking 2.mp4_frame_2217.jpg": {"x1": 554, "y1": 236, "x2": 605, "y2": 271, "confidence": 0.6079226732254028}, "Drone tracking 2.mp4_frame_2218.jpg": {"x1": 540, "y1": 235, "x2": 591, "y2": 271, "confidence": 0.6009515523910522}, "Drone tracking 2.mp4_frame_2219.jpg": {"x1": 529, "y1": 233, "x2": 582, "y2": 271, "confidence": 0.6203218102455139}, "Drone tracking 2.mp4_frame_2220.jpg": {"x1": 516, "y1": 233, "x2": 571, "y2": 271, "confidence": 0.6250541806221008}, "Drone tracking 2.mp4_frame_2221.jpg": {"x1": 502, "y1": 232, "x2": 556, "y2": 270, "confidence": 0.6294519305229187}, "Drone tracking 2.mp4_frame_2222.jpg": {"x1": 489, "y1": 232, "x2": 543, "y2": 268, "confidence": 0.6137244701385498}, "Drone tracking 2.mp4_frame_2223.jpg": {"x1": 476, "y1": 231, "x2": 528, "y2": 268, "confidence": 0.6190164089202881}, "Drone tracking 2.mp4_frame_2224.jpg": {"x1": 461, "y1": 229, "x2": 516, "y2": 266, "confidence": 0.6176862716674805}, "Drone tracking 2.mp4_frame_2225.jpg": {"x1": 448, "y1": 228, "x2": 504, "y2": 265, "confidence": 0.634723424911499}, "Drone tracking 2.mp4_frame_2226.jpg": {"x1": 435, "y1": 228, "x2": 492, "y2": 264, "confidence": 0.6561376452445984}, "Drone tracking 2.mp4_frame_2227.jpg": {"x1": 422, "y1": 226, "x2": 477, "y2": 263, "confidence": 0.6439957618713379}, "Drone tracking 2.mp4_frame_2228.jpg": {"x1": 409, "y1": 225, "x2": 463, "y2": 260, "confidence": 0.6309689283370972}, "Drone tracking 2.mp4_frame_2229.jpg": {"x1": 397, "y1": 222, "x2": 448, "y2": 258, "confidence": 0.6078479886054993}, "Drone tracking 2.mp4_frame_2230.jpg": {"x1": 384, "y1": 219, "x2": 438, "y2": 256, "confidence": 0.6101201772689819}, "Drone tracking 2.mp4_frame_2231.jpg": {"x1": 373, "y1": 218, "x2": 423, "y2": 253, "confidence": 0.614416241645813}, "Drone tracking 2.mp4_frame_2232.jpg": {"x1": 357, "y1": 215, "x2": 412, "y2": 251, "confidence": 0.6220255494117737}, "Drone tracking 2.mp4_frame_2233.jpg": {"x1": 345, "y1": 211, "x2": 400, "y2": 247, "confidence": 0.6376787424087524}, "Drone tracking 2.mp4_frame_2234.jpg": {"x1": 332, "y1": 209, "x2": 383, "y2": 243, "confidence": 0.6211017966270447}, "Drone tracking 2.mp4_frame_2235.jpg": {"x1": 317, "y1": 204, "x2": 373, "y2": 243, "confidence": 0.600657045841217}, "Drone tracking 2.mp4_frame_2236.jpg": {"x1": 309, "y1": 200, "x2": 359, "y2": 236, "confidence": 0.6254242658615112}, "Drone tracking 2.mp4_frame_2237.jpg": {"x1": 293, "y1": 196, "x2": 349, "y2": 234, "confidence": 0.6283714175224304}, "Drone tracking 2.mp4_frame_2238.jpg": {"x1": 277, "y1": 192, "x2": 334, "y2": 231, "confidence": 0.6402210593223572}, "Drone tracking 2.mp4_frame_2239.jpg": {"x1": 266, "y1": 188, "x2": 320, "y2": 226, "confidence": 0.6161560416221619}, "Drone tracking 2.mp4_frame_2240.jpg": {"x1": 250, "y1": 185, "x2": 309, "y2": 226, "confidence": 0.6207675337791443}, "Drone tracking 2.mp4_frame_2241.jpg": {"x1": 241, "y1": 183, "x2": 297, "y2": 221, "confidence": 0.6192135214805603}, "Drone tracking 2.mp4_frame_2242.jpg": {"x1": 227, "y1": 179, "x2": 286, "y2": 218, "confidence": 0.6187009215354919}, "Drone tracking 2.mp4_frame_2243.jpg": {"x1": 212, "y1": 178, "x2": 270, "y2": 216, "confidence": 0.63686203956604}, "Drone tracking 2.mp4_frame_2244.jpg": {"x1": 200, "y1": 177, "x2": 255, "y2": 212, "confidence": 0.6315955519676208}, "Drone tracking 2.mp4_frame_2245.jpg": {"x1": 187, "y1": 172, "x2": 242, "y2": 210, "confidence": 0.5962864756584167}, "Drone tracking 2.mp4_frame_2246.jpg": {"x1": 177, "y1": 169, "x2": 230, "y2": 208, "confidence": 0.6291157603263855}, "Drone tracking 2.mp4_frame_2247.jpg": {"x1": 161, "y1": 167, "x2": 219, "y2": 205, "confidence": 0.6346912980079651}, "Drone tracking 2.mp4_frame_2248.jpg": {"x1": 148, "y1": 166, "x2": 208, "y2": 204, "confidence": 0.63865727186203}, "Drone tracking 2.mp4_frame_2249.jpg": {"x1": 133, "y1": 162, "x2": 192, "y2": 202, "confidence": 0.6419687867164612}, "Drone tracking 2.mp4_frame_2250.jpg": {"x1": 118, "y1": 162, "x2": 179, "y2": 199, "confidence": 0.6478387117385864}, "Drone tracking 2.mp4_frame_2251.jpg": {"x1": 102, "y1": 160, "x2": 164, "y2": 198, "confidence": 0.641893208026886}, "Drone tracking 2.mp4_frame_2252.jpg": {"x1": 89, "y1": 158, "x2": 150, "y2": 197, "confidence": 0.6039844155311584}, "Drone tracking 2.mp4_frame_2253.jpg": {"x1": 75, "y1": 161, "x2": 134, "y2": 198, "confidence": 0.5983533263206482}, "Drone tracking 2.mp4_frame_2254.jpg": {"x1": 62, "y1": 154, "x2": 121, "y2": 195, "confidence": 0.5944356322288513}, "Drone tracking 2.mp4_frame_2255.jpg": {"x1": 51, "y1": 155, "x2": 110, "y2": 195, "confidence": 0.5289722084999084}, "Drone tracking 2.mp4_frame_2256.jpg": {"x1": 36, "y1": 154, "x2": 93, "y2": 193, "confidence": 0.5254964828491211},